| No. | Quantity | Comment | Designator | Footprint | Value | Manufacturer Part | Manufacturer | Supplier Part | Supplier |
|:---:|:--------:|:---|:---|:---|:---|:---|:---|:---|:---|
| 1 | 12 | 100nF | C1,C4,C5,C6,C7,C8,C9,C10,C11,C13,C19,C20 | C0603 | 100nF | TCC0603X7R104K500CT | CCTC(三环) | C282519 | LCSC |
| 2 | 2 | 10uF | C2,C3 | C0603 | 10uF | CGA0603X5R106K100JT | HRE(芯声) | C6119842 | LCSC |
| 3 | 1 | 4.7uF | C12 | C0603 | 4.7uF | CL10A475KO8NNNC | SAMSUNG(三星) | C19666 | LCSC |
| 4 | 1 | 1uF | C14 | C0603 | 1uF | CGA0603X5R105K500JT | HRE(芯声) | C6119852 | LCSC |
| 5 | 2 | 2.2uF | C15,C16 | C0603 | 2.2uF | CL10A225KO8NNNC | SAMSUNG(三星) | C23630 | LCSC |
| 6 | 2 | 20pF | C17,C18 | C0603 | 20pF | CC0603FRNPO9BN200 | YAGEO(国巨) | C326779 | LCSC |
| 7 | 2 | PH2.54-01-20PZD | HDR1,HDR2 | HDR-TH_20P-P2.54-V-M-4 | | PH2.54-01-20PZD | XUNPU(讯普) | C7501591 | LCSC |
| 8 | 1 | ME6211C33M5G-N | LDO1 | SOT-23-5_L3.0-W1.7-P0.95-LS2.8-BL | | ME6211C33M5G-N | MICRONE(南京微盟) | C82942 | LCSC |
| 9 | 2 | XL-1608SURC-06 | LED1,LED2 | LED0603-RD_RED | | XL-1608SURC-06 | XINGLIGHT(成兴光) | C965799 | LCSC |
| 10 | 2 | 5.1kΩ | R1,R2 | R0603 | 5.1kΩ | 0603WAF5101T5E | UNI-ROYAL(厚声) | C23186 | LCSC |
| 11 | 3 | 10kΩ | R3,R4,R5 | R0603 | 10kΩ | FRC0603F1002TS | FOJAN(富捷) | C2906982 | LCSC |
| 12 | 4 | 1kΩ | R6,R7,R8,R9 | R0603 | 1kΩ | FRC0603F1001TS | FOJAN(富捷) | C2907002 | LCSC |
| 13 | 3 | TS-1088R-02026 | SW1,SW2,SW3 | SW-SMD_L3.9-W3.0-P4.45 | | TS-1088R-02026 | XUNPU(讯普) | C455280 | LCSC |
| 14 | 1 | GT-USB-7010ASV | U1 | USB-C-SMD_G-SWITCH_GT-USB-7010ASV | | GT-USB-7010ASV | G-Switch(品赞) | C2988369 | LCSC |
| 15 | 1 | CH340X | U2 | MSOP-10_L3.0-W3.0-P0.50-LS5.0-BL | | CH340X | WCH(南京沁恒) | C3035748 | LCSC |
| 16 | 1 | STM32F407VET6 | U3 | LQFP-100_L14.0-W14.0-P0.50-LS16.0-BL | | STM32F407VET6 | ST(意法半导体) | C28730 | LCSC |
| 17 | 1 | 8MHz | X1 | CRYSTAL-SMD_L5.0-W3.2 | 8MHz | XG1EL89CSI-111YLC-8M | YXC(扬兴晶振) | C5280575 | LCSC |
